,PLAYER_NAME,season_x,STL,BLK
0,Aaron Brooks,2017,0.38461538461538464,0.13846153846153847
1,Aaron Gordon,2017,0.8125,0.5
2,Adreian Payne,2017,0.4444444444444444,0.3888888888888889
3,Al Horford,2017,0.7647058823529411,1.2647058823529411
4,Al Jefferson,2017,0.2878787878787879,0.24242424242424243
5,Al-Farouq Aminu,2017,0.9836065573770492,0.7213114754098361
6,Alan Anderson,2017,0.1,0.0
7,Alan Williams,2017,0.574468085106383,0.6808510638297872
8,Alec Burks,2017,0.42857142857142855,0.11904761904761904
9,Alex Len,2017,0.4935064935064935,1.2727272727272727
10,Alexis Ajinca,2017,0.5128205128205128,0.5641025641025641
11,Allen Crabbe,2017,0.6835443037974683,0.25316455696202533
12,Alonzo Gee,2017,0.38461538461538464,0.07692307692307693
13,Amir Johnson,2017,0.6375,0.775
14,Andre Drummond,2017,1.5308641975308641,1.0987654320987654
15,Andre Iguodala,2017,1.0,0.5131578947368421
16,Andre Roberson,2017,1.1898734177215189,1.0
17,Andrew Wiggins,2017,1.0,0.36585365853658536
18,Anthony Davis,2017,1.2533333333333334,2.2266666666666666
19,Anthony Tolliver,2017,0.5230769230769231,0.3076923076923077
20,Aron Baynes,2017,0.22666666666666666,0.52
21,Arron Afflalo,2017,0.3442622950819672,0.09836065573770492
22,Austin Rivers,2017,0.6486486486486487,0.13513513513513514
23,Avery Bradley,2017,1.2363636363636363,0.2
24,Ben McLemore,2017,0.47540983606557374,0.09836065573770492
25,Bismack Biyombo,2017,0.30864197530864196,1.123456790123457
26,Blake Griffin,2017,0.9344262295081968,0.36065573770491804
27,Boban Marjanovic,2017,0.17142857142857143,0.34285714285714286
28,Bobby Portis,2017,0.25,0.171875
29,Boris Diaw,2017,0.2465753424657534,0.1232876712328767
30,Bradley Beal,2017,1.077922077922078,0.2727272727272727
31,Brandan Wright,2017,0.39285714285714285,0.7142857142857143
32,Brandon Bass,2017,0.2692307692307692,0.21153846153846154
33,Brandon Knight,2017,0.5,0.09259259259259259
34,Brandon Rush,2017,0.46808510638297873,0.48936170212765956
35,Brook Lopez,2017,0.5066666666666667,1.6533333333333333
36,C.J. Watson,2017,0.6935483870967742,0.03225806451612903
37,CJ McCollum,2017,0.9,0.525
38,CJ Miles,2017,0.6052631578947368,0.32894736842105265
39,Carmelo Anthony,2017,0.8108108108108109,0.4594594594594595
40,Chandler Parsons,2017,0.5882352941176471,0.14705882352941177
41,Chris Paul,2017,1.9508196721311475,0.13114754098360656
42,Christian Wood,2017,0.23076923076923078,0.46153846153846156
43,Clint Capela,2017,0.5230769230769231,1.2153846153846153
44,Cody Zeller,2017,1.0,0.9354838709677419
45,Cole Aldrich,2017,0.4032258064516129,0.3709677419354839
46,Cory Joseph,2017,0.825,0.1625
47,Cristiano Felicio,2017,0.3787878787878788,0.25757575757575757
48,D'Angelo Russell,2017,1.380952380952381,0.25396825396825395
49,Dahntay Jones,2017,0.0,0.0
50,Damian Lillard,2017,0.9066666666666666,0.26666666666666666
51,Damjan Rudez,2017,0.26666666666666666,0.022222222222222223
52,Danilo Gallinari,2017,0.6349206349206349,0.23809523809523808
53,Danny Green,2017,1.0294117647058822,0.8382352941176471
54,Dante Cunningham,2017,0.5909090909090909,0.42424242424242425
55,Darrell Arthur,2017,0.4634146341463415,0.5121951219512195
56,Darren Collison,2017,0.9852941176470589,0.1323529411764706
57,Darrun Hilliard,2017,0.28205128205128205,0.05128205128205128
58,David West,2017,0.6176470588235294,0.7058823529411765
59,DeAndre Jordan,2017,0.6296296296296297,1.654320987654321
60,DeMar DeRozan,2017,1.054054054054054,0.17567567567567569
61,DeMarre Carroll,2017,1.125,0.375
62,Delon Wright,2017,1.0,0.4074074074074074
63,Dennis Schroder,2017,0.9367088607594937,0.20253164556962025
64,Derrick Favors,2017,0.9,0.8
65,Derrick Rose,2017,0.6875,0.265625
66,Devin Booker,2017,0.9230769230769231,0.2692307692307692
67,Devin Harris,2017,0.6615384615384615,0.1076923076923077
68,Dewayne Dedmon,2017,0.4868421052631579,0.8026315789473685
69,Dion Waiters,2017,0.9130434782608695,0.43478260869565216
70,Dirk Nowitzki,2017,0.5555555555555556,0.7037037037037037
71,Donatas Motiejunas,2017,0.5294117647058824,0.3235294117647059
72,Draymond Green,2017,2.026315789473684,1.394736842105263
73,Dwight Howard,2017,0.8648648648648649,1.2432432432432432
74,Dwight Powell,2017,0.7922077922077922,0.5064935064935064
75,Dwyane Wade,2017,1.4333333333333333,0.6833333333333333
76,E'Twaun Moore,2017,0.684931506849315,0.4383561643835616
77,Ed Davis,2017,0.32608695652173914,0.4782608695652174
78,Elfrid Payton,2017,1.0731707317073171,0.4878048780487805
79,Elijah Millsap,2017,0.0,0.0
80,Emmanuel Mudiay,2017,0.7454545454545455,0.23636363636363636
81,Eric Bledsoe,2017,1.378787878787879,0.4696969696969697
82,Eric Gordon,2017,0.64,0.5466666666666666
83,Evan Fournier,2017,0.9705882352941176,0.058823529411764705
84,Evan Turner,2017,0.8153846153846154,0.36923076923076925
85,Frank Kaminsky,2017,0.6133333333333333,0.4533333333333333
86,Garrett Temple,2017,1.2923076923076924,0.4307692307692308
87,Gary Harris,2017,1.2456140350877194,0.14035087719298245
88,Gary Neal,2017,0.0,0.0
89,George Hill,2017,1.0204081632653061,0.22448979591836735
90,Gerald Green,2017,0.19148936170212766,0.14893617021276595
91,Gerald Henderson,2017,0.5555555555555556,0.20833333333333334
92,Giannis Antetokounmpo,2017,1.6375,1.8875
93,Glenn Robinson III,2017,0.5942028985507246,0.2898550724637681
94,Goran Dragic,2017,1.2191780821917808,0.1780821917808219
95,Gordon Hayward,2017,1.0,0.273972602739726
96,Gorgui Dieng,2017,1.0731707317073171,1.1585365853658536
97,Greg Monroe,2017,1.1358024691358024,0.4691358024691358
98,Greivis Vasquez,2017,0.3333333333333333,0.3333333333333333
99,Harrison Barnes,2017,0.8227848101265823,0.189873417721519
100,Hassan Whiteside,2017,0.7402597402597403,2.090909090909091
101,Ian Clark,2017,0.5064935064935064,0.1038961038961039
102,Ian Mahinmi,2017,1.064516129032258,0.7741935483870968
103,Iman Shumpert,2017,0.8157894736842105,0.35526315789473684
104,Isaiah Canaan,2017,0.5641025641025641,0.02564102564102564
105,Isaiah Thomas,2017,0.9210526315789473,0.17105263157894737
106,J.J. Barea,2017,0.4,0.02857142857142857
107,JJ Redick,2017,0.6923076923076923,0.16666666666666666
108,JR Smith,2017,0.975609756097561,0.2682926829268293
109,JaMychal Green,2017,0.6103896103896104,0.44155844155844154
110,JaVale McGee,2017,0.24675324675324675,0.8701298701298701
111,Jabari Parker,2017,0.9803921568627451,0.43137254901960786
112,Jae Crowder,2017,1.0138888888888888,0.3194444444444444
113,Jahlil Okafor,2017,0.4,0.98
114,Jamal Crawford,2017,0.7439024390243902,0.17073170731707318
115,Jameer Nelson,2017,0.72,0.10666666666666667
116,James Harden,2017,1.4938271604938271,0.4691358024691358
117,James Johnson,2017,1.0,1.131578947368421
118,James Jones,2017,0.125,0.20833333333333334
119,James Michael McAdoo,2017,0.34615384615384615,0.5576923076923077
120,James Young,2017,0.3448275862068966,0.06896551724137931
121,Jared Dudley,2017,0.65625,0.25
122,Jared Sullinger,2017,0.36363636363636365,0.09090909090909091
123,Jarell Eddie,2017,0.2,0.0
124,Jarell Martin,2017,0.40476190476190477,0.21428571428571427
125,Jarrett Jack,2017,1.0,0.0
126,Jason Smith,2017,0.28378378378378377,0.7297297297297297
127,Jason Terry,2017,0.6216216216216216,0.2702702702702703
128,Jeff Teague,2017,1.2195121951219512,0.3902439024390244
129,Jeff Withey,2017,0.3137254901960784,0.6274509803921569
130,Jeremy Lamb,2017,0.43548387096774194,0.3709677419354839
131,Jeremy Lin,2017,1.1666666666666667,0.3888888888888889
132,Jerian Grant,2017,0.746031746031746,0.12698412698412698
133,Jerryd Bayless,2017,0.0,0.0
134,Jimmy Butler,2017,1.881578947368421,0.42105263157894735
135,Joakim Noah,2017,0.6521739130434783,0.8043478260869565
136,Jodie Meeks,2017,0.9444444444444444,0.1111111111111111
137,Joe Ingles,2017,1.170731707317073,0.0975609756097561
138,Joel Anthony,2017,0.10526315789473684,0.3157894736842105
139,John Henson,2017,0.5,1.3448275862068966
140,John Wall,2017,2.0128205128205128,0.6282051282051282
141,Jon Leuer,2017,0.41333333333333333,0.3466666666666667
142,Jonas Jerebko,2017,0.32051282051282054,0.21794871794871795
143,Jonas Valanciunas,2017,0.4625,0.7875
144,Jonathon Simmons,2017,0.6025641025641025,0.32051282051282054
145,Jordan Clarkson,2017,1.0731707317073171,0.0975609756097561
146,Jordan Farmar,2017,1.0,0.0
147,Jordan Hill,2017,0.14285714285714285,0.0
148,Josh Huestis,2017,0.0,1.5
149,Josh McRoberts,2017,0.45454545454545453,0.18181818181818182
150,Josh Richardson,2017,1.1320754716981132,0.7358490566037735
151,Jrue Holiday,2017,1.492537313432836,0.6567164179104478
152,Julius Randle,2017,0.6621621621621622,0.5
153,Justin Harper,2017,0.0,0.0
154,Justise Winslow,2017,1.4444444444444444,0.3333333333333333
155,Karl-Anthony Towns,2017,0.6829268292682927,1.2560975609756098
156,Kawhi Leonard,2017,1.7972972972972974,0.7432432432432432
157,Kelly Olynyk,2017,0.5866666666666667,0.38666666666666666
158,Kelly Oubre Jr.,2017,0.7341772151898734,0.21518987341772153
159,Kemba Walker,2017,1.0759493670886076,0.27848101265822783
160,Kenneth Faried,2017,0.7049180327868853,0.6557377049180327
161,Kent Bazemore,2017,1.2465753424657535,0.7123287671232876
162,Kentavious Caldwell-Pope,2017,1.1710526315789473,0.15789473684210525
163,Kevin Durant,2017,1.064516129032258,1.596774193548387
164,Kevin Love,2017,0.8833333333333333,0.35
165,Kevin Seraphin,2017,0.14285714285714285,0.40816326530612246
166,Khris Middleton,2017,1.4137931034482758,0.2413793103448276
167,Klay Thompson,2017,0.8461538461538461,0.5128205128205128
168,Kosta Koufos,2017,0.5070422535211268,0.676056338028169
169,Kristaps Porzingis,2017,0.7121212121212122,1.9545454545454546
170,Kyle Anderson,2017,0.7083333333333334,0.3611111111111111
171,Kyle Lowry,2017,1.4666666666666666,0.31666666666666665
172,Kyle O'Quinn,2017,0.45569620253164556,1.3164556962025316
173,Kyle Singler,2017,0.21875,0.15625
174,Kyrie Irving,2017,1.1527777777777777,0.3333333333333333
175,LaMarcus Aldridge,2017,0.6388888888888888,1.2222222222222223
176,Lamar Patterson,2017,0.2,0.0
177,Lance Thomas,2017,0.45652173913043476,0.10869565217391304
178,Larry Nance Jr.,2017,1.3015873015873016,0.6190476190476191
179,Lavoy Allen,2017,0.29508196721311475,0.39344262295081966
180,LeBron James,2017,1.2432432432432432,0.5945945945945946
181,Leandro Barbosa,2017,0.4626865671641791,0.11940298507462686
182,Luc Mbah a Moute,2017,1.0125,0.4375
183,Lucas Nogueira,2017,0.9122807017543859,1.5614035087719298
184,Luis Scola,2017,0.3888888888888889,0.1111111111111111
185,Luke Babbitt,2017,0.29411764705882354,0.16176470588235295
186,Luol Deng,2017,0.8571428571428571,0.35714285714285715
187,Manu Ginobili,2017,1.1884057971014492,0.2318840579710145
188,Marc Gasol,2017,0.9054054054054054,1.337837837837838
189,Marcelo Huertas,2017,0.43478260869565216,0.08695652173913043
190,Marcin Gortat,2017,0.4878048780487805,0.7439024390243902
191,Marco Belinelli,2017,0.5945945945945946,0.12162162162162163
192,Marcus Morris Sr.,2017,0.6582278481012658,0.31645569620253167
193,Marcus Smart,2017,1.5822784810126582,0.43037974683544306
194,Mario Hezonja,2017,0.46153846153846156,0.23076923076923078
195,Marreese Speights,2017,0.2804878048780488,0.5
196,Marvin Williams,2017,0.7631578947368421,0.6973684210526315
197,Matthew Dellavedova,2017,0.6973684210526315,0.0
198,Maurice Harkless,2017,1.103896103896104,0.9090909090909091
199,Metta World Peace,2017,0.4,0.08
200,Meyers Leonard,2017,0.17567567567567569,0.3783783783783784
201,Michael Beasley,2017,0.48214285714285715,0.48214285714285715
202,Michael Carter-Williams,2017,0.8444444444444444,0.5111111111111111
203,Michael Kidd-Gilchrist,2017,1.0,0.9506172839506173
204,Mike Conley,2017,1.3333333333333333,0.2753623188405797
205,Mike Miller,2017,0.1,0.0
206,Mike Muscala,2017,0.42857142857142855,0.5857142857142857
207,Mike Scott,2017,0.2222222222222222,0.16666666666666666
208,Mirza Teletovic,2017,0.17142857142857143,0.18571428571428572
209,Monta Ellis,2017,1.054054054054054,0.36486486486486486
210,Montrezl Harrell,2017,0.3448275862068966,0.7241379310344828
211,Myles Turner,2017,0.9135802469135802,2.123456790123457
212,Nemanja Bjelica,2017,0.6153846153846154,0.3076923076923077
213,Nene,2017,0.835820895522388,0.582089552238806
214,Nick Collison,2017,0.1,0.1
215,Nick Young,2017,0.6166666666666667,0.23333333333333334
216,Nicolas Batum,2017,1.1168831168831168,0.37662337662337664
217,Nik Stauskas,2017,0.5625,0.4
218,Nikola Jokic,2017,0.8356164383561644,0.7534246575342466
219,Nikola Mirotic,2017,0.7571428571428571,0.7857142857142857
220,Nikola Vucevic,2017,1.0133333333333334,0.9866666666666667
221,Noah Vonleh,2017,0.40540540540540543,0.36486486486486486
222,Norman Powell,2017,0.6842105263157895,0.18421052631578946
223,Norris Cole,2017,0.6153846153846154,0.0
224,Omer Asik,2017,0.16129032258064516,0.3225806451612903
225,Otto Porter Jr.,2017,1.45,0.525
226,Patrick Beverley,2017,1.4776119402985075,0.373134328358209
227,Patrick Patterson,2017,0.6153846153846154,0.35384615384615387
228,Patty Mills,2017,0.8125,0.0375
229,Pau Gasol,2017,0.375,1.09375
230,Paul George,2017,1.5866666666666667,0.36
231,Paul Millsap,2017,1.3043478260869565,0.8985507246376812
232,Paul Pierce,2017,0.16,0.2
233,Rajon Rondo,2017,1.434782608695652,0.15942028985507245
234,Rakeem Christmas,2017,0.10344827586206896,0.20689655172413793
235,Ramon Sessions,2017,0.54,0.06
236,Rashad Vaughn,2017,0.4634146341463415,0.24390243902439024
237,Raul Neto,2017,0.525,0.125
238,Raymond Felton,2017,0.825,0.275
239,Reggie Bullock,2017,0.5806451612903226,0.0967741935483871
240,Reggie Jackson,2017,0.6730769230769231,0.09615384615384616
241,Richard Jefferson,2017,0.3291139240506329,0.12658227848101267
242,Richaun Holmes,2017,0.7368421052631579,0.9649122807017544
243,Ricky Rubio,2017,1.7066666666666668,0.13333333333333333
244,Robert Covington,2017,1.8955223880597014,1.0298507462686568
245,Robin Lopez,2017,0.2222222222222222,1.4444444444444444
246,Rodney Hood,2017,0.6440677966101694,0.1864406779661017
247,Rodney Stuckey,2017,0.41025641025641024,0.0
248,Rondae Hollis-Jefferson,2017,1.0512820512820513,0.5641025641025641
249,Ronnie Price,2017,0.7857142857142857,0.07142857142857142
250,Rudy Gay,2017,1.4666666666666666,0.8666666666666667
251,Rudy Gobert,2017,0.6049382716049383,2.6419753086419755
252,Russell Westbrook,2017,1.6296296296296295,0.38271604938271603
253,Ryan Anderson,2017,0.4305555555555556,0.19444444444444445
254,Ryan Kelly,2017,0.25,0.3125
255,Salah Mejri,2017,0.4383561643835616,0.8356164383561644
256,Sasha Vujacic,2017,0.30952380952380953,0.047619047619047616
257,Seth Curry,2017,1.1285714285714286,0.1
258,Shabazz Muhammad,2017,0.28205128205128205,0.07692307692307693
259,Shabazz Napier,2017,0.6037735849056604,0.03773584905660377
260,Shaun Livingston,2017,0.5,0.2631578947368421
261,Solomon Hill,2017,0.9,0.4
262,Spencer Dinwiddie,2017,0.7457627118644068,0.3898305084745763
263,Stanley Johnson,2017,0.7272727272727273,0.3116883116883117
264,Stephen Curry,2017,1.7974683544303798,0.21518987341772153
265,Steven Adams,2017,1.1125,0.975
266,T.J. Warren,2017,1.1515151515151516,0.5909090909090909
267,Tarik Black,2017,0.43283582089552236,0.6567164179104478
268,Terry Rozier,2017,0.6081081081081081,0.14864864864864866
269,Thabo Sefolosha,2017,1.5483870967741935,0.5
270,Thaddeus Young,2017,1.527027027027027,0.3918918918918919
271,Thomas Robinson,2017,0.5416666666666666,0.1875
272,Tiago Splitter,2017,0.125,0.125
273,Tim Hardaway Jr.,2017,0.6962025316455697,0.189873417721519
274,Timofey Mozgov,2017,0.2962962962962963,0.5740740740740741
275,Toney Douglas,2017,0.75,0.20833333333333334
276,Tony Allen,2017,1.619718309859155,0.4084507042253521
277,Tony Parker,2017,0.5396825396825397,0.031746031746031744
278,Tony Snell,2017,0.6875,0.175
279,Trevor Ariza,2017,1.8375,0.25
280,Trevor Booker,2017,1.056338028169014,0.39436619718309857
281,Trey Burke,2017,0.19298245614035087,0.08771929824561403
282,Trey Lyles,2017,0.36619718309859156,0.28169014084507044
283,Tristan Thompson,2017,0.5,1.0769230769230769
284,Troy Daniels,2017,0.29850746268656714,0.05970149253731343
285,Tyler Johnson,2017,1.1506849315068493,0.6027397260273972
286,Tyler Zeller,2017,0.13725490196078433,0.4117647058823529
287,Tyson Chandler,2017,0.7021276595744681,0.5106382978723404
288,Tyus Jones,2017,0.8,0.08333333333333333
289,Udonis Haslem,2017,0.375,0.0625
290,Victor Oladipo,2017,1.164179104477612,0.31343283582089554
291,Vince Carter,2017,0.821917808219178,0.4931506849315068
292,Wayne Ellington,2017,0.5645161290322581,0.06451612903225806
293,Wesley Johnson,2017,0.4264705882352941,0.4411764705882353
294,Wesley Matthews,2017,1.0547945205479452,0.2054794520547945
295,Will Barton,2017,0.8,0.4666666666666667
296,Willie Cauley-Stein,2017,0.7066666666666667,0.5866666666666667
297,Willie Reed,2017,0.2535211267605634,0.6619718309859155
298,Zach LaVine,2017,0.8723404255319149,0.2127659574468085
299,Zach Randolph,2017,0.5205479452054794,0.136986301369863
300,Zaza Pachulia,2017,0.8428571428571429,0.4714285714285714
301,Aaron Brooks,2018,0.1875,0.0
302,Aaron Gordon,2018,1.0172413793103448,0.7758620689655172
303,Adreian Payne,2018,0.4,0.0
304,Al Horford,2018,0.5972222222222222,1.0833333333333333
305,Al Jefferson,2018,0.4444444444444444,0.6388888888888888
306,Al-Farouq Aminu,2018,1.144927536231884,0.5797101449275363
307,Alan Williams,2018,1.0,0.2
308,Alec Burks,2018,0.578125,0.125
309,Alex Abrines,2018,0.5066666666666667,0.10666666666666667
310,Alex Len,2018,0.391304347826087,0.8840579710144928
311,Allen Crabbe,2018,0.6266666666666667,0.4666666666666667
312,Amir Johnson,2018,0.6081081081081081,0.5945945945945946
313,Andre Drummond,2018,1.4615384615384615,1.6282051282051282
314,Andre Iguodala,2018,0.84375,0.59375
315,Andre Roberson,2018,1.1538461538461537,0.8974358974358975
316,Andrew Harrison,2018,0.6785714285714286,0.4642857142857143
317,Andrew Wiggins,2018,1.1097560975609757,0.6219512195121951
318,Anthony Davis,2018,1.5333333333333334,2.5733333333333333
319,Anthony Tolliver,2018,0.4050632911392405,0.26582278481012656
320,Aron Baynes,2018,0.2716049382716049,0.6296296296296297
321,Arron Afflalo,2018,0.07547169811320754,0.16981132075471697
322,Austin Rivers,2018,1.2131147540983607,0.26229508196721313
323,Ben McLemore,2018,0.6785714285714286,0.26785714285714285
324,Bismack Biyombo,2018,0.25609756097560976,1.1585365853658536
325,Bobby Portis,2018,0.684931506849315,0.3150684931506849
326,Bradley Beal,2018,1.170731707317073,0.43902439024390244
327,Brandon Ingram,2018,0.7627118644067796,0.7288135593220338
328,Brook Lopez,2018,0.40540540540540543,1.3243243243243243
329,Bryn Forbes,2018,0.35,0.025
330,CJ McCollum,2018,0.9506172839506173,0.43209876543209874
331,CJ Miles,2018,0.5285714285714286,0.3
332,Caris LeVert,2018,1.1549295774647887,0.30985915492957744
333,Carmelo Anthony,2018,0.6025641025641025,0.6282051282051282
334,Chandler Parsons,2018,0.5,0.3055555555555556
335,Cheick Diallo,2018,0.21153846153846154,0.40384615384615385
336,Chinanu Onuaku,2018,0.0,0.0
337,Chris Paul,2018,1.6551724137931034,0.2413793103448276
338,Clint Capela,2018,0.7837837837837838,1.8513513513513513
339,Cody Zeller,2018,0.42424242424242425,0.6363636363636364
340,Cory Joseph,2018,0.975609756097561,0.21951219512195122
341,Courtney Lee,2018,1.0526315789473684,0.2236842105263158
342,Cristiano Felicio,2018,0.2909090909090909,0.2
343,D'Angelo Russell,2018,0.75,0.3541666666666667
344,D.J. Augustin,2018,0.72,0.0
345,Damian Jones,2018,0.06666666666666667,0.2
346,Damian Lillard,2018,1.0547945205479452,0.3698630136986301
347,Danilo Gallinari,2018,0.6190476190476191,0.47619047619047616
348,Danny Green,2018,0.9,1.1428571428571428
349,Dante Exum,2018,0.5714285714285714,0.21428571428571427
350,Dario Saric,2018,0.6538461538461539,0.2564102564102564
351,Darrell Arthur,2018,0.42105263157894735,0.15789473684210525
352,Darren Collison,2018,1.3333333333333333,0.21739130434782608
353,Darrun Hilliard,2018,0.14285714285714285,0.0
354,David Nwaba,2018,0.8428571428571429,0.4142857142857143
355,David West,2018,0.6438356164383562,1.0273972602739727
356,Davis Bertans,2018,0.33766233766233766,0.36363636363636365
357,DeAndre Jordan,2018,0.5064935064935064,0.9090909090909091
358,DeAndre' Bembry,2018,0.8076923076923077,0.46153846153846156
359,DeMar DeRozan,2018,1.0625,0.275
360,DeMarre Carroll,2018,0.8082191780821918,0.410958904109589
361,Dejounte Murray,2018,1.1975308641975309,0.38271604938271603
362,Delon Wright,2018,1.0434782608695652,0.4782608695652174
363,Dennis Schroder,2018,1.0746268656716418,0.08955223880597014
364,Denzel Valentine,2018,0.8441558441558441,0.14285714285714285
365,Derrick Favors,2018,0.7012987012987013,1.0649350649350648
366,Devin Booker,2018,0.8703703703703703,0.25925925925925924
367,Dewayne Dedmon,2018,0.6451612903225806,0.8225806451612904
368,Deyonta Davis,2018,0.24193548387096775,0.6290322580645161
369,Dion Waiters,2018,0.7666666666666667,0.3
370,Dirk Nowitzki,2018,0.5584415584415584,0.5844155844155844
371,Domantas Sabonis,2018,0.5405405405405406,0.43243243243243246
372,Dorian Finney-Smith,2018,0.47619047619047616,0.19047619047619047
373,Dragan Bender,2018,0.2682926829268293,0.6463414634146342
374,Draymond Green,2018,1.3571428571428572,1.3
375,Dwight Howard,2018,0.5925925925925926,1.617283950617284
376,Dwight Powell,2018,0.8481012658227848,0.4050632911392405
377,E'Twaun Moore,2018,0.9634146341463414,0.14634146341463414
378,Ed Davis,2018,0.41025641025641024,0.6666666666666666
379,Eric Gordon,2018,0.6376811594202898,0.391304347826087
380,Evan Fournier,2018,0.8245614035087719,0.2807017543859649
381,Evan Turner,2018,0.5949367088607594,0.3670886075949367
382,Frank Kaminsky,2018,0.45569620253164556,0.24050632911392406
383,Fred VanVleet,2018,0.8947368421052632,0.25
384,Garrett Temple,2018,0.8769230769230769,0.4153846153846154
385,Gary Harris,2018,1.8208955223880596,0.22388059701492538
386,Gerald Green,2018,0.5853658536585366,0.36585365853658536
387,Giannis Antetokounmpo,2018,1.4533333333333334,1.4133333333333333
388,Glenn Robinson III,2018,0.5652173913043478,0.043478260869565216
389,Goran Dragic,2018,0.84,0.16
390,Gordon Hayward,2018,0.0,0.0
391,Gorgui Dieng,2018,0.569620253164557,0.4936708860759494
392,Harrison Barnes,2018,0.6363636363636364,0.18181818181818182
393,Hassan Whiteside,2018,0.6851851851851852,1.7407407407407407
394,Henry Ellenson,2018,0.13157894736842105,0.0
395,Ian Clark,2018,0.44594594594594594,0.13513513513513514
396,Ian Mahinmi,2018,0.4935064935064935,0.5454545454545454
397,Iman Shumpert,2018,0.6428571428571429,0.2857142857142857
398,Isaiah Whitehead,2018,0.5,0.125
399,Ish Smith,2018,0.7804878048780488,0.24390243902439024
400,Ivica Zubac,2018,0.18604651162790697,0.3488372093023256
401,J.J. Barea,2018,0.5072463768115942,0.043478260869565216
402,JJ Redick,2018,0.5,0.08571428571428572
403,JR Smith,2018,0.85,0.1375
404,JaMychal Green,2018,0.5818181818181818,0.45454545454545453
405,JaVale McGee,2018,0.3230769230769231,0.8769230769230769
406,Jabari Parker,2018,0.8064516129032258,0.3225806451612903
407,Jakob Poeltl,2018,0.47560975609756095,1.2195121951219512
408,Jamal Crawford,2018,0.5,0.1125
409,Jamal Murray,2018,0.9753086419753086,0.345679012345679
410,James Harden,2018,1.75,0.6944444444444444
411,James Johnson,2018,0.958904109589041,0.6986301369863014
412,James Michael McAdoo,2018,0.0,0.3333333333333333
413,James Young,2018,0.0,0.0
414,Jared Dudley,2018,0.5,0.22916666666666666
415,Jarell Martin,2018,0.5342465753424658,0.6712328767123288
416,Jarrett Jack,2018,0.5645161290322581,0.06451612903225806
417,Jason Smith,2018,0.09090909090909091,0.3939393939393939
418,Jason Terry,2018,0.8235294117647058,0.2549019607843137
419,Jaylen Brown,2018,1.0,0.37142857142857144
420,Jeff Green,2018,0.5256410256410257,0.4358974358974359
421,Jeff Teague,2018,1.457142857142857,0.32857142857142857
422,Jeremy Lamb,2018,0.7625,0.4
423,Jeremy Lin,2018,0.0,0.0
424,Jerian Grant,2018,0.8513513513513513,0.10810810810810811
425,Jerryd Bayless,2018,0.5897435897435898,0.15384615384615385
426,Jimmy Butler,2018,1.9661016949152543,0.4067796610169492
427,Joakim Noah,2018,0.2857142857142857,0.2857142857142857
428,Jodie Meeks,2018,0.37662337662337664,0.05194805194805195
429,Joe Harris,2018,0.44871794871794873,0.2564102564102564
430,Joe Ingles,2018,1.0975609756097562,0.24390243902439024
431,Joel Embiid,2018,0.6349206349206349,1.7619047619047619
432,John Henson,2018,0.5921052631578947,1.4342105263157894
433,John Wall,2018,1.3902439024390243,1.0975609756097562
434,Jon Leuer,2018,0.125,0.375
435,Jonas Jerebko,2018,0.32432432432432434,0.16216216216216217
436,Jonas Valanciunas,2018,0.37662337662337664,0.8961038961038961
437,Jonathan Gibson,2018,0.0,0.0
438,Jonathon Simmons,2018,0.8405797101449275,0.2318840579710145
439,Jordan Crawford,2018,0.2,0.2
440,Jordan Mickey,2018,0.2608695652173913,0.43478260869565216
441,Josh Huestis,2018,0.21739130434782608,0.6231884057971014
442,Josh Richardson,2018,1.4938271604938271,0.9259259259259259
443,Jrue Holiday,2018,1.5185185185185186,0.7901234567901234
444,Juancho Hernangomez,2018,0.24,0.12
445,Julius Randle,2018,0.524390243902439,0.5487804878048781
446,Justin Holiday,2018,1.1111111111111112,0.4305555555555556
447,Justise Winslow,2018,0.7941176470588235,0.4852941176470588
448,Karl-Anthony Towns,2018,0.7804878048780488,1.4024390243902438
449,Kawhi Leonard,2018,2.0,1.0
450,Kelly Olynyk,2018,0.8157894736842105,0.4605263157894737
451,Kelly Oubre Jr.,2018,0.9876543209876543,0.43209876543209874
452,Kemba Walker,2018,1.1375,0.3
453,Kenneth Faried,2018,0.375,0.40625
454,Kent Bazemore,2018,1.5384615384615385,0.6923076923076923
455,Kentavious Caldwell-Pope,2018,1.4324324324324325,0.21621621621621623
456,Kevin Durant,2018,0.7352941176470589,1.75
457,Kevin Love,2018,0.7288135593220338,0.4067796610169492
458,Kevon Looney,2018,0.5151515151515151,0.8484848484848485
459,Khris Middleton,2018,1.451219512195122,0.25609756097560976
460,Klay Thompson,2018,0.7534246575342466,0.4657534246575342
461,Kosta Koufos,2018,0.6619718309859155,0.4507042253521127
462,Kris Dunn,2018,2.0,0.5192307692307693
463,Kristaps Porzingis,2018,0.75,2.3958333333333335
464,Kyle Anderson,2018,1.554054054054054,0.8108108108108109
465,Kyle Lowry,2018,1.0897435897435896,0.24358974358974358
466,Kyle O'Quinn,2018,0.4675324675324675,1.2727272727272727
467,Kyrie Irving,2018,1.0833333333333333,0.2833333333333333
468,LaMarcus Aldridge,2018,0.5733333333333334,1.2
469,Lance Thomas,2018,0.410958904109589,0.1917808219178082
470,LeBron James,2018,1.4146341463414633,0.8658536585365854
471,Luc Mbah a Moute,2018,1.180327868852459,0.4098360655737705
472,Lucas Nogueira,2018,0.46938775510204084,0.8775510204081632
473,Luol Deng,2018,1.0,0.0
474,Malcolm Brogdon,2018,0.8541666666666666,0.2708333333333333
475,Malcolm Delaney,2018,0.6481481481481481,0.1111111111111111
476,Malik Beasley,2018,0.24193548387096775,0.11290322580645161
477,Manu Ginobili,2018,0.6615384615384615,0.24615384615384617
478,Marc Gasol,2018,0.7397260273972602,1.3835616438356164
479,Marcin Gortat,2018,0.4878048780487805,0.7439024390243902
480,Marcus Georges-Hunt,2018,0.14285714285714285,0.0
481,Marcus Morris Sr.,2018,0.6481481481481481,0.2222222222222222
482,Marcus Smart,2018,1.3148148148148149,0.42592592592592593
483,Mario Hezonja,2018,1.08,0.41333333333333333
484,Markieff Morris,2018,0.7671232876712328,0.5205479452054794
485,Marquese Chriss,2018,0.7083333333333334,0.9722222222222222
486,Marreese Speights,2018,0.15384615384615385,0.4230769230769231
487,Marshall Plumlee,2018,0.0,0.125
488,Marvin Williams,2018,0.717948717948718,0.48717948717948717
489,Matthew Dellavedova,2018,0.3684210526315789,0.0
490,Maurice Harkless,2018,0.8135593220338984,0.7288135593220338
491,Meyers Leonard,2018,0.21212121212121213,0.0
492,Michael Beasley,2018,0.4864864864864865,0.581081081081081
493,Michael Carter-Williams,2018,0.8461538461538461,0.4423076923076923
494,Michael Kidd-Gilchrist,2018,0.6891891891891891,0.43243243243243246
495,Mike Conley,2018,1.0,0.25
496,Mike Muscala,2018,0.5849056603773585,0.5094339622641509
497,Mike Scott,2018,0.3026315789473684,0.13157894736842105
498,Mirza Teletovic,2018,0.4,0.1
499,Montrezl Harrell,2018,0.47368421052631576,0.6842105263157895
500,Myles Turner,2018,0.5846153846153846,1.8153846153846154
501,Nemanja Bjelica,2018,0.746268656716418,0.23880597014925373
502,Nene,2018,0.5384615384615384,0.2692307692307692
503,Nick Young,2018,0.475,0.0875
504,Nicolas Batum,2018,1.015625,0.359375
505,Nikola Jokic,2018,1.2,0.8133333333333334
506,Nikola Vucevic,2018,0.9824561403508771,1.087719298245614
507,Norman Powell,2018,0.5285714285714286,0.22857142857142856
508,Okaro White,2018,0.16666666666666666,0.16666666666666666
509,Otto Porter Jr.,2018,1.5064935064935066,0.5324675324675324
510,Pascal Siakam,2018,0.7654320987654321,0.5185185185185185
511,Pat Connaughton,2018,0.2804878048780488,0.2682926829268293
512,Patrick Beverley,2018,1.7272727272727273,0.45454545454545453
513,Patrick McCaw,2018,0.7543859649122807,0.17543859649122806
514,Patrick Patterson,2018,0.5853658536585366,0.2804878048780488
515,Patty Mills,2018,0.6707317073170732,0.13414634146341464
516,Pau Gasol,2018,0.3116883116883117,1.025974025974026
517,Paul George,2018,2.037974683544304,0.4936708860759494
518,Paul Millsap,2018,1.0263157894736843,1.1578947368421053
519,Paul Zipser,2018,0.37037037037037035,0.2777777777777778
520,Rajon Rondo,2018,1.0769230769230769,0.15384615384615385
521,Raul Neto,2018,0.3170731707317073,0.0975609756097561
522,Raymond Felton,2018,0.5975609756097561,0.1951219512195122
523,Reggie Bullock,2018,0.7580645161290323,0.20967741935483872
524,Reggie Jackson,2018,0.6,0.08888888888888889
525,Richard Jefferson,2018,0.1,0.05
526,Richaun Holmes,2018,0.4166666666666667,0.6041666666666666
527,Ricky Rubio,2018,1.5714285714285714,0.14285714285714285
528,Robert Covington,2018,1.7125,0.9
529,Robin Lopez,2018,0.21875,0.828125
530,Rodney McGruder,2018,0.4444444444444444,0.16666666666666666
531,Ron Baker,2018,0.896551724137931,0.20689655172413793
532,Rondae Hollis-Jefferson,2018,0.9558823529411765,0.7058823529411765
533,Rudy Gay,2018,0.8070175438596491,0.6666666666666666
534,Rudy Gobert,2018,0.7857142857142857,2.3035714285714284
535,Russell Westbrook,2018,1.8375,0.25
536,Ryan Anderson,2018,0.36363636363636365,0.3181818181818182
537,Salah Mejri,2018,0.36065573770491804,1.098360655737705
538,Sam Dekker,2018,0.3287671232876712,0.1232876712328767
539,Shabazz Napier,2018,1.0945945945945945,0.1891891891891892
540,Shaun Livingston,2018,0.49295774647887325,0.29577464788732394
541,Shelvin Mack,2018,0.782608695652174,0.11594202898550725
542,Skal Labissiere,2018,0.4166666666666667,0.8166666666666667
543,Solomon Hill,2018,0.5833333333333334,0.08333333333333333
544,Spencer Dinwiddie,2018,0.85,0.2875
545,Stanley Johnson,2018,1.3768115942028984,0.2028985507246377
546,Stephen Curry,2018,1.5686274509803921,0.1568627450980392
547,Steven Adams,2018,1.2105263157894737,1.0263157894736843
548,T.J. Warren,2018,1.0,0.6307692307692307
549,Tarik Black,2018,0.4117647058823529,0.5882352941176471
550,Taurean Prince,2018,1.0365853658536586,0.5121951219512195
551,Terry Rozier,2018,1.0,0.2375
552,Thabo Sefolosha,2018,1.368421052631579,0.3157894736842105
553,Thaddeus Young,2018,1.6666666666666667,0.4444444444444444
554,Thon Maker,2018,0.5135135135135135,0.7162162162162162
555,Tim Frazier,2018,0.7966101694915254,0.11864406779661017
556,Tim Hardaway Jr.,2018,1.087719298245614,0.17543859649122806
557,Timofey Mozgov,2018,0.16129032258064516,0.41935483870967744
558,Timothe Luwawu-Cabarrot,2018,0.23076923076923078,0.09615384615384616
559,Tomas Satoransky,2018,0.7123287671232876,0.2054794520547945
560,Tony Allen,2018,0.5,0.13636363636363635
561,Tony Parker,2018,0.509090909090909,0.01818181818181818
562,Tony Snell,2018,0.6266666666666667,0.37333333333333335
563,Treveon Graham,2018,0.5238095238095238,0.031746031746031744
564,Trevor Ariza,2018,1.462686567164179,0.19402985074626866
565,Trey Burke,2018,0.6666666666666666,0.1111111111111111
566,Trey Lyles,2018,0.410958904109589,0.4657534246575342
567,Tristan Thompson,2018,0.3018867924528302,0.32075471698113206
568,Troy Daniels,2018,0.3291139240506329,0.06329113924050633
569,Tyler Johnson,2018,0.8333333333333334,0.4722222222222222
570,Tyler Ulis,2018,0.9859154929577465,0.09859154929577464
571,Tyson Chandler,2018,0.34782608695652173,0.5869565217391305
572,Tyus Jones,2018,1.1585365853658536,0.07317073170731707
573,Udonis Haslem,2018,0.0,0.14285714285714285
574,Victor Oladipo,2018,2.36,0.76
575,Vince Carter,2018,0.7241379310344828,0.4482758620689655
576,Wade Baldwin IV,2018,0.2857142857142857,0.14285714285714285
577,Wayne Ellington,2018,0.6883116883116883,0.1038961038961039
578,Wesley Johnson,2018,1.027027027027027,0.8378378378378378
579,Wesley Matthews,2018,1.2063492063492063,0.25396825396825395
580,Will Barton,2018,1.0123456790123457,0.6419753086419753
581,Willie Cauley-Stein,2018,1.0547945205479452,0.9178082191780822
582,Wilson Chandler,2018,0.581081081081081,0.527027027027027
583,Zach LaVine,2018,1.0,0.16666666666666666
584,Zach Randolph,2018,0.711864406779661,0.1694915254237288
585,Zaza Pachulia,2018,0.5507246376811594,0.2463768115942029
586,Aaron Gordon,2019,0.7307692307692307,0.717948717948718
587,Abdel Nader,2019,0.32786885245901637,0.19672131147540983
588,Al Horford,2019,0.8676470588235294,1.2647058823529411
589,Al-Farouq Aminu,2019,0.8395061728395061,0.4074074074074074
590,Alan Williams,2019,0.2,0.0
591,Alex Abrines,2019,0.5483870967741935,0.1935483870967742
592,Alex Caruso,2019,0.96,0.36
593,Alex Len,2019,0.35064935064935066,0.8961038961038961
594,Allen Crabbe,2019,0.5348837209302325,0.3023255813953488
595,Amir Johnson,2019,0.3137254901960784,0.2549019607843137
596,Andre Drummond,2019,1.7215189873417722,1.7468354430379747
597,Andre Iguodala,2019,0.8970588235294118,0.75
598,Andrew Bogut,2019,0.2727272727272727,0.7272727272727273
599,Andrew Wiggins,2019,0.958904109589041,0.6575342465753424
600,Ante Zizic,2019,0.22033898305084745,0.3728813559322034
601,Anthony Davis,2019,1.5714285714285714,2.4107142857142856
602,Anthony Tolliver,2019,0.26153846153846155,0.3230769230769231
603,Antonio Blakeney,2019,0.21052631578947367,0.15789473684210525
604,Aron Baynes,2019,0.23529411764705882,0.6666666666666666
605,Bam Adebayo,2019,0.8658536585365854,0.7926829268292683
606,Ben McLemore,2019,0.3157894736842105,0.15789473684210525
607,Ben Simmons,2019,1.4177215189873418,0.7721518987341772
608,Bismack Biyombo,2019,0.2037037037037037,0.7592592592592593
609,Bogdan Bogdanovic,2019,1.0285714285714285,0.21428571428571427
610,Bojan Bogdanovic,2019,0.8518518518518519,0.012345679012345678
611,Bradley Beal,2019,1.475609756097561,0.7073170731707317
612,Brandon Ingram,2019,0.5384615384615384,0.5961538461538461
613,Brook Lopez,2019,0.6296296296296297,2.2098765432098766
614,Bryn Forbes,2019,0.5487804878048781,0.04878048780487805
615,Buddy Hield,2019,0.7073170731707317,0.4024390243902439
616,C.J. Williams,2019,0.4,0.0
617,CJ McCollum,2019,0.7857142857142857,0.4
618,Caris LeVert,2019,1.05,0.35
619,Carmelo Anthony,2019,0.4,0.7
620,Cedi Osman,2019,0.7894736842105263,0.14473684210526316
621,Chandler Parsons,2019,0.76,0.2
622,Cheick Diallo,2019,0.453125,0.515625
623,Chris Paul,2019,1.9655172413793103,0.3103448275862069
624,Clint Capela,2019,0.6567164179104478,1.5223880597014925
625,Cody Zeller,2019,0.7755102040816326,0.8367346938775511
626,Cory Joseph,2019,1.146341463414634,0.2682926829268293
627,Cristiano Felicio,2019,0.18333333333333332,0.11666666666666667
628,D'Angelo Russell,2019,1.2345679012345678,0.24691358024691357
629,D.J. Augustin,2019,0.6419753086419753,0.04938271604938271
630,Damian Jones,2019,0.5,1.0416666666666667
631,Damian Lillard,2019,1.1,0.425
632,Damion Lee,2019,0.40625,0.0
633,Damyean Dotson,2019,0.7945205479452054,0.136986301369863
634,Daniel Theis,2019,0.3181818181818182,0.6363636363636364
635,Danilo Gallinari,2019,0.7205882352941176,0.3382352941176471
636,Danny Green,2019,0.9125,0.6625
637,Dante Exum,2019,0.3333333333333333,0.11904761904761904
638,Danuel House Jr.,2019,0.5384615384615384,0.28205128205128205
639,Darius Miller,2019,0.5797101449275363,0.3333333333333333
640,Darren Collison,2019,1.4473684210526316,0.11842105263157894
641,David Nwaba,2019,0.7058823529411765,0.3333333333333333
642,Davis Bertans,2019,0.4605263157894737,0.4342105263157895
643,De'Aaron Fox,2019,1.6419753086419753,0.5555555555555556
644,DeAndre' Bembry,2019,1.2804878048780488,0.5
645,DeMar DeRozan,2019,1.1168831168831168,0.4675324675324675
646,DeMarcus Cousins,2019,1.3333333333333333,1.4666666666666666
647,DeMarre Carroll,2019,0.4626865671641791,0.14925373134328357
648,Dennis Schroder,2019,0.8227848101265823,0.1518987341772152
649,Derrick Favors,2019,0.7368421052631579,1.394736842105263
650,Derrick White,2019,1.0,0.7014925373134329
651,Devin Booker,2019,0.875,0.203125
652,Dewayne Dedmon,2019,1.078125,1.109375
653,Deyonta Davis,2019,0.3333333333333333,0.5555555555555556
654,Dillon Brooks,2019,0.5555555555555556,0.2222222222222222
655,Dion Waiters,2019,0.6590909090909091,0.20454545454545456
656,Dirk Nowitzki,2019,0.17647058823529413,0.35294117647058826
657,Domantas Sabonis,2019,0.6486486486486487,0.40540540540540543
658,Donovan Mitchell,2019,1.3766233766233766,0.4025974025974026
659,Dorian Finney-Smith,2019,0.8518518518518519,0.4444444444444444
660,Dragan Bender,2019,0.391304347826087,0.4782608695652174
661,Draymond Green,2019,1.4393939393939394,1.0606060606060606
662,Dwayne Bacon,2019,0.27906976744186046,0.11627906976744186
663,Dwight Howard,2019,0.7777777777777778,0.4444444444444444
664,Dwight Powell,2019,0.5714285714285714,0.6493506493506493
665,E'Twaun Moore,2019,0.7547169811320755,0.1509433962264151
666,Ed Davis,2019,0.43209876543209874,0.4074074074074074
667,Ekpe Udoh,2019,0.19607843137254902,0.6078431372549019
668,Eric Gordon,2019,0.6029411764705882,0.39705882352941174
669,Evan Fournier,2019,0.8765432098765432,0.14814814814814814
670,Evan Turner,2019,0.4520547945205479,0.2465753424657534
671,Frank Kaminsky,2019,0.2553191489361702,0.2553191489361702
672,Frank Ntilikina,2019,0.6976744186046512,0.32558139534883723
673,Fred VanVleet,2019,0.890625,0.3125
674,Furkan Korkmaz,2019,0.6041666666666666,0.041666666666666664
675,Gary Harris,2019,0.9649122807017544,0.3333333333333333
676,Gerald Green,2019,0.4520547945205479,0.3698630136986301
677,Giannis Antetokounmpo,2019,1.2777777777777777,1.5277777777777777
678,Glenn Robinson III,2019,0.2978723404255319,0.1702127659574468
679,Goran Dragic,2019,0.8333333333333334,0.1388888888888889
680,Gordon Hayward,2019,0.8611111111111112,0.3194444444444444
681,Gorgui Dieng,2019,0.631578947368421,0.5394736842105263
682,Guerschon Yabusele,2019,0.1951219512195122,0.17073170731707318
683,Hassan Whiteside,2019,0.6388888888888888,1.8888888888888888
684,Ian Clark,2019,0.36666666666666664,0.13333333333333333
685,Ian Mahinmi,2019,0.7352941176470589,0.47058823529411764
686,Isaiah Hicks,2019,0.3333333333333333,1.0
687,Ish Smith,2019,0.5,0.19642857142857142
688,Ivan Rabb,2019,0.3469387755102041,0.2857142857142857
689,J.J. Barea,2019,0.5789473684210527,0.02631578947368421
690,JJ Redick,2019,0.42105263157894735,0.2236842105263158
691,JR Smith,2019,1.0,0.2727272727272727
692,JaKarr Sampson,2019,1.0,0.75
693,JaVale McGee,2019,0.6266666666666667,1.9733333333333334
694,Jakob Poeltl,2019,0.37662337662337664,0.8831168831168831
695,Jamal Crawford,2019,0.515625,0.1875
696,Jamal Murray,2019,0.8933333333333333,0.36
697,James Harden,2019,2.0256410256410255,0.7435897435897436
698,James Johnson,2019,0.6363636363636364,0.4909090909090909
699,Jared Dudley,2019,0.6101694915254238,0.2711864406779661
700,Jarell Martin,2019,0.07142857142857142,0.19047619047619047
701,Jarrett Allen,2019,0.5375,1.5
702,Jaylen Brown,2019,0.9324324324324325,0.43243243243243246
703,Jaylen Morris,2019,0.5,0.0
704,Jayson Tatum,2019,1.0632911392405062,0.7215189873417721
705,Jeff Green,2019,0.5584415584415584,0.5064935064935064
706,Jeff Teague,2019,1.0238095238095237,0.42857142857142855
707,Jerami Grant,2019,0.7625,1.25
708,Jeremy Lamb,2019,1.1139240506329113,0.4050632911392405
709,Jerian Grant,2019,0.7333333333333333,0.1
710,Jerryd Bayless,2019,0.5294117647058824,0.058823529411764705
711,Joakim Noah,2019,0.47619047619047616,0.7380952380952381
712,Jodie Meeks,2019,0.125,0.125
713,Joe Harris,2019,0.5,0.2236842105263158
714,Joe Ingles,2019,1.1951219512195121,0.24390243902439024
715,Joel Embiid,2019,0.71875,1.90625
716,John Collins,2019,0.36065573770491804,0.639344262295082
717,John Henson,2019,0.5,0.7857142857142857
718,John Wall,2019,1.53125,0.90625
719,Johnathan Motley,2019,0.22727272727272727,0.13636363636363635
720,Jon Leuer,2019,0.2926829268292683,0.0975609756097561
721,Jonas Jerebko,2019,0.3698630136986301,0.2465753424657534
722,Jonathan Isaac,2019,0.7866666666666666,1.3066666666666666
723,Jordan Bell,2019,0.29411764705882354,0.75
724,Jose Calderon,2019,0.32653061224489793,0.061224489795918366
725,Josh Hart,2019,0.9552238805970149,0.5970149253731343
726,Josh Jackson,2019,0.9367088607594937,0.7088607594936709
727,Josh Richardson,2019,1.082191780821918,0.4657534246575342
728,Jrue Holiday,2019,1.626865671641791,0.8059701492537313
729,Juancho Hernangomez,2019,0.38571428571428573,0.34285714285714286
730,Julius Randle,2019,0.7123287671232876,0.6164383561643836
731,Justin Anderson,2019,0.4583333333333333,0.2708333333333333
732,Justise Winslow,2019,1.0909090909090908,0.2878787878787879
733,Jusuf Nurkic,2019,0.9861111111111112,1.4305555555555556
734,Kadeem Allen,2019,0.8421052631578947,0.21052631578947367
735,Karl-Anthony Towns,2019,0.8701298701298701,1.6233766233766234
736,Kawhi Leonard,2019,1.7666666666666666,0.4
737,Kelly Olynyk,2019,0.6708860759493671,0.46835443037974683
738,Kemba Walker,2019,1.2439024390243902,0.4146341463414634
739,Kent Bazemore,2019,1.328358208955224,0.6268656716417911
740,Kentavious Caldwell-Pope,2019,0.8902439024390244,0.15853658536585366
741,Kevin Durant,2019,0.7435897435897436,1.0769230769230769
742,Kevin Love,2019,0.2727272727272727,0.22727272727272727
743,Kevon Looney,2019,0.575,0.6625
744,Khem Birch,2019,0.36,0.58
745,Khris Middleton,2019,1.0389610389610389,0.09090909090909091
746,Klay Thompson,2019,1.0769230769230769,0.6025641025641025
747,Kosta Koufos,2019,0.35714285714285715,0.42857142857142855
748,Kris Dunn,2019,1.4782608695652173,0.45652173913043476
749,Kyle Anderson,2019,1.255813953488372,0.8604651162790697
750,Kyle Kuzma,2019,0.5857142857142857,0.37142857142857144
751,Kyle Lowry,2019,1.4,0.47692307692307695
752,Kyle O'Quinn,2019,0.2,0.5555555555555556
753,Kyrie Irving,2019,1.537313432835821,0.5074626865671642
754,LaMarcus Aldridge,2019,0.5308641975308642,1.3209876543209877
755,Lance Stephenson,2019,0.6029411764705882,0.10294117647058823
756,Lance Thomas,2019,0.3695652173913043,0.15217391304347827
757,Langston Galloway,2019,0.4625,0.1
758,Lauri Markkanen,2019,0.7115384615384616,0.6346153846153846
759,LeBron James,2019,1.309090909090909,0.6
760,Lonzo Ball,2019,1.4680851063829787,0.40425531914893614
761,Lorenzo Brown,2019,0.46153846153846156,0.19230769230769232
762,Lou Williams,2019,0.76,0.14666666666666667
763,Luc Mbah a Moute,2019,0.25,0.25
764,Luke Kennard,2019,0.4126984126984127,0.15873015873015872
765,Luke Kornet,2019,0.5869565217391305,0.9130434782608695
766,Luol Deng,2019,0.6818181818181818,0.36363636363636365
767,Malcolm Brogdon,2019,0.71875,0.203125
768,Malcolm Miller,2019,0.1,0.1
769,Malik Beasley,2019,0.6790123456790124,0.12345679012345678
770,Malik Monk,2019,0.5068493150684932,0.2602739726027397
771,MarShon Brooks,2019,0.3103448275862069,0.13793103448275862
772,Marcin Gortat,2019,0.1276595744680851,0.5106382978723404
773,Marcus Morris Sr.,2019,0.5733333333333334,0.3333333333333333
774,Marcus Smart,2019,1.7875,0.35
775,Mario Hezonja,2019,0.9827586206896551,0.13793103448275862
776,Markelle Fultz,2019,0.8947368421052632,0.2631578947368421
777,Marvin Williams,2019,0.9466666666666667,0.8133333333333334
778,Mason Plumlee,2019,0.8048780487804879,0.926829268292683
779,Maurice Harkless,2019,1.1166666666666667,0.8833333333333333
780,Maxi Kleber,2019,0.5070422535211268,1.0985915492957747
781,Meyers Leonard,2019,0.21311475409836064,0.14754098360655737
782,Michael Beasley,2019,0.34615384615384615,0.38461538461538464
783,Michael Kidd-Gilchrist,2019,0.5,0.609375
784,Mike Conley,2019,1.3428571428571427,0.3142857142857143
785,Miles Plumlee,2019,0.3333333333333333,0.2222222222222222
786,Milos Teodosic,2019,0.2,0.06666666666666667
787,Monte Morris,2019,0.8902439024390244,0.04878048780487805
788,Montrezl Harrell,2019,0.8658536585365854,1.3414634146341464
789,Myles Turner,2019,0.8108108108108109,2.689189189189189
790,Nemanja Bjelica,2019,0.7012987012987013,0.7272727272727273
791,Nene,2019,0.42857142857142855,0.35714285714285715
792,Nerlens Noel,2019,0.8571428571428571,1.2467532467532467
793,Nick Young,2019,0.0,0.25
794,Nicolas Batum,2019,0.9466666666666667,0.5733333333333334
795,Nikola Jokic,2019,1.35,0.6875
796,Nikola Vucevic,2019,1.0125,1.1125
797,Norman Powell,2019,0.65,0.21666666666666667
798,Omri Casspi,2019,0.5555555555555556,0.25
799,P.J. Tucker,2019,1.6097560975609757,0.47560975609756095
800,Pascal Siakam,2019,0.9125,0.65
801,Pat Connaughton,2019,0.5409836065573771,0.4098360655737705
802,Patrick Beverley,2019,0.8589743589743589,0.5512820512820513
803,Patrick Patterson,2019,0.25396825396825395,0.20634920634920634
804,Patty Mills,2019,0.5975609756097561,0.12195121951219512
805,Paul George,2019,2.207792207792208,0.44155844155844154
806,Paul Millsap,2019,1.1857142857142857,0.7714285714285715
807,Quincy Acy,2019,0.1,0.4
808,Quincy Pondexter,2019,0.20754716981132076,0.018867924528301886
809,Quinn Cook,2019,0.2702702702702703,0.04054054054054054
810,RJ Hunter,2019,1.0,0.0
811,Rajon Rondo,2019,1.2391304347826086,0.15217391304347827
812,Raul Neto,2019,0.3783783783783784,0.10810810810810811
813,Raymond Felton,2019,0.30303030303030304,0.18181818181818182
814,Reggie Jackson,2019,0.6707317073170732,0.10975609756097561
815,Richaun Holmes,2019,0.6,1.1285714285714286
816,Ricky Rubio,2019,1.338235294117647,0.14705882352941177
817,Robin Lopez,2019,0.14864864864864866,1.054054054054054
818,Rodney McGruder,2019,0.5454545454545454,0.18181818181818182
819,Rondae Hollis-Jefferson,2019,0.7457627118644068,0.4576271186440678
820,Royce O'Neale,2019,0.6585365853658537,0.2926829268292683
821,Rudy Gay,2019,0.782608695652174,0.4927536231884058
822,Rudy Gobert,2019,0.8148148148148148,2.308641975308642
823,Russell Westbrook,2019,1.9452054794520548,0.4520547945205479
824,Ryan Arcidiacono,2019,0.8024691358024691,0.04938271604938271
825,Salah Mejri,2019,0.2777777777777778,0.7222222222222222
826,Semi Ojeleye,2019,0.17857142857142858,0.07142857142857142
827,Serge Ibaka,2019,0.3918918918918919,1.3918918918918919
828,Shabazz Napier,2019,0.7321428571428571,0.2857142857142857
829,Shaquille Harrison,2019,1.2191780821917808,0.410958904109589
830,Shaun Livingston,2019,0.484375,0.421875
831,Solomon Hill,2019,0.5227272727272727,0.22727272727272727
832,Spencer Dinwiddie,2019,0.5882352941176471,0.25
833,Stephen Curry,2019,1.3333333333333333,0.36231884057971014
834,Sterling Brown,2019,0.43103448275862066,0.13793103448275862
835,Steven Adams,2019,1.4625,0.95
836,T.J. Warren,2019,1.186046511627907,0.6744186046511628
837,Taj Gibson,2019,0.7571428571428571,0.5571428571428572
838,Taurean Prince,2019,0.9636363636363636,0.34545454545454546
839,Terrance Ferguson,2019,0.5405405405405406,0.21621621621621623
840,Terrence Ross,2019,0.8888888888888888,0.35802469135802467
841,Terry Rozier,2019,0.8607594936708861,0.26582278481012656
842,Thabo Sefolosha,2019,0.86,0.1
843,Thaddeus Young,2019,1.5185185185185186,0.4444444444444444
844,Tomas Satoransky,2019,1.025,0.1625
845,Tony Parker,2019,0.375,0.125
846,Tony Snell,2019,0.35135135135135137,0.24324324324324326
847,Torrey Craig,2019,0.49333333333333335,0.6133333333333333
848,Treveon Graham,2019,0.37142857142857144,0.2
849,Trey Lyles,2019,0.46875,0.359375
850,Tristan Thompson,2019,0.6511627906976745,0.37209302325581395
851,Troy Daniels,2019,0.5098039215686274,0.09803921568627451
852,Tyreke Evans,2019,0.8405797101449275,0.2608695652173913
853,Tyrone Wallace,2019,0.3387096774193548,0.11290322580645161
854,Tyus Jones,2019,1.1911764705882353,0.07352941176470588
855,Udonis Haslem,2019,0.0,0.0
856,Victor Oladipo,2019,1.6666666666666667,0.3055555555555556
857,Vince Carter,2019,0.5789473684210527,0.35526315789473684
858,Wade Baldwin IV,2019,0.0625,0.125
859,Wes Iwundu,2019,0.4117647058823529,0.3235294117647059
860,Will Barton,2019,0.4186046511627907,0.5116279069767442
861,Willie Cauley-Stein,2019,1.1851851851851851,0.6296296296296297
862,Yogi Ferrell,2019,0.5070422535211268,0.056338028169014086
863,Zach Collins,2019,0.3246753246753247,0.8571428571428571
864,Zach LaVine,2019,0.9523809523809523,0.4126984126984127
865,Zaza Pachulia,2019,0.45588235294117646,0.25
866,Aaron Gordon,2020,0.8125,0.625
867,Aaron Holiday,2020,0.8405797101449275,0.2463768115942029
868,Abdel Nader,2020,0.40350877192982454,0.3684210526315789
869,Al Horford,2020,0.8,0.8857142857142857
870,Al-Farouq Aminu,2020,1.0,0.4444444444444444
871,Alex Caruso,2020,1.106060606060606,0.2727272727272727
872,Alfonzo McKinnie,2020,0.575,0.2
873,Andre Iguodala,2020,0.7083333333333334,0.9583333333333334
874,Anfernee Simons,2020,0.3561643835616438,0.1506849315068493
875,Ante Zizic,2020,0.3181818181818182,0.22727272727272727
876,Anthony Davis,2020,1.453125,2.25
877,Aron Baynes,2020,0.23809523809523808,0.5476190476190477
878,Bam Adebayo,2020,1.1369863013698631,1.3013698630136987
879,Ben McLemore,2020,0.6351351351351351,0.22972972972972974
880,Ben Simmons,2020,2.066666666666667,0.55
881,Bismack Biyombo,2020,0.18867924528301888,0.9245283018867925
882,Blake Griffin,2020,0.3888888888888889,0.3888888888888889
883,Bogdan Bogdanovic,2020,1.046875,0.234375
884,Bojan Bogdanovic,2020,0.5396825396825397,0.1111111111111111
885,Brad Wanamaker,2020,0.8648648648648649,0.1891891891891892
886,Bradley Beal,2020,1.2456140350877194,0.40350877192982454
887,Brandon Ingram,2020,0.953125,0.59375
888,Brook Lopez,2020,0.704225352112676,2.3943661971830985
889,Bruce Brown,2020,1.0862068965517242,0.5
890,Bryn Forbes,2020,0.5076923076923077,0.0
891,Buddy Hield,2020,0.92,0.24
892,CJ McCollum,2020,0.7777777777777778,0.5972222222222222
893,Caris LeVert,2020,1.2083333333333333,0.22916666666666666
894,Carmelo Anthony,2020,0.8524590163934426,0.45901639344262296
895,Cedi Osman,2020,0.8307692307692308,0.24615384615384617
896,Chandler Hutchison,2020,0.9642857142857143,0.25
897,Chandler Parsons,2020,0.8,0.2
898,Cheick Diallo,2020,0.22,0.24
899,Chimezie Metu,2020,0.19047619047619047,0.42857142857142855
900,Chris Boucher,2020,0.38461538461538464,0.9846153846153847
901,Chris Paul,2020,1.5416666666666667,0.1527777777777778
902,Clint Capela,2020,0.8461538461538461,1.8461538461538463
903,Cody Zeller,2020,0.6896551724137931,0.43103448275862066
904,Collin Sexton,2020,1.0,0.1076923076923077
905,Cory Joseph,2020,0.72,0.28
906,Cristiano Felicio,2020,0.45454545454545453,0.09090909090909091
907,D.J. Augustin,2020,0.55,0.016666666666666666
908,D.J. Wilson,2020,0.075,0.175
909,Damian Jones,2020,0.4727272727272727,0.7272727272727273
910,Damian Lillard,2020,1.044776119402985,0.3283582089552239
911,Damion Lee,2020,1.0204081632653061,0.12244897959183673
912,Damyean Dotson,2020,0.4791666666666667,0.08333333333333333
913,Daniel Theis,2020,0.582089552238806,1.2686567164179106
914,Danilo Gallinari,2020,0.6923076923076923,0.07692307692307693
915,Danny Green,2020,1.2253521126760563,0.4647887323943662
916,Danuel House Jr.,2020,1.106060606060606,0.5151515151515151
917,David Nwaba,2020,0.55,0.6
918,Davis Bertans,2020,0.6851851851851852,0.6111111111111112
919,De'Aaron Fox,2020,1.3962264150943395,0.4716981132075472
920,De'Anthony Melton,2020,1.2698412698412698,0.3333333333333333
921,DeAndre' Bembry,2020,1.2790697674418605,0.4418604651162791
922,DeMar DeRozan,2020,1.0140845070422535,0.29577464788732394
923,Deandre Ayton,2020,0.7073170731707317,1.4146341463414633
924,Dennis Schroder,2020,0.7058823529411765,0.22058823529411764
925,Deonte Burton,2020,0.19047619047619047,0.23809523809523808
926,Derrick Favors,2020,0.6037735849056604,0.8867924528301887
927,Derrick Jones Jr.,2020,1.0,0.6129032258064516
928,Derrick Rose,2020,0.8,0.32
929,Derrick White,2020,0.6901408450704225,0.9154929577464789
930,Devin Booker,2020,0.684931506849315,0.2602739726027397
931,Devonte' Graham,2020,0.9841269841269841,0.23809523809523808
932,Dillon Brooks,2020,0.868421052631579,0.35526315789473684
933,Domantas Sabonis,2020,0.7419354838709677,0.4838709677419355
934,Donovan Mitchell,2020,1.0,0.20833333333333334
935,Donte DiVincenzo,2020,1.2753623188405796,0.30434782608695654
936,Dorian Finney-Smith,2020,0.6216216216216216,0.5405405405405406
937,Doug McDermott,2020,0.16666666666666666,0.06944444444444445
938,Draymond Green,2020,1.372093023255814,0.7674418604651163
939,Duncan Robinson,2020,0.4605263157894737,0.25
940,Dwayne Bacon,2020,0.5897435897435898,0.05128205128205128
941,Dwight Howard,2020,0.4647887323943662,1.1267605633802817
942,Dwight Powell,2020,0.85,0.525
943,E'Twaun Moore,2020,0.5932203389830508,0.1864406779661017
944,Ed Davis,2020,0.36666666666666664,0.3
945,Edmond Sumner,2020,0.5,0.29411764705882354
946,Elfrid Payton,2020,1.5555555555555556,0.37777777777777777
947,Elie Okobo,2020,0.44642857142857145,0.07142857142857142
948,Emmanuel Mudiay,2020,0.42105263157894735,0.17543859649122806
949,Eric Bledsoe,2020,0.9344262295081968,0.4262295081967213
950,Eric Gordon,2020,0.6153846153846154,0.358974358974359
951,Ersan Ilyasova,2020,0.36363636363636365,0.2878787878787879
952,Evan Fournier,2020,1.0869565217391304,0.21739130434782608
953,Evan Turner,2020,0.47368421052631576,0.42105263157894735
954,Frank Jackson,2020,0.3064516129032258,0.06451612903225806
955,Frank Kaminsky,2020,0.42857142857142855,0.23809523809523808
956,Frank Ntilikina,2020,0.9473684210526315,0.2807017543859649
957,Fred VanVleet,2020,1.7719298245614035,0.2982456140350877
958,Furkan Korkmaz,2020,0.56,0.22666666666666666
959,Gary Harris,2020,1.3571428571428572,0.25
960,Gary Payton II,2020,1.1379310344827587,0.2413793103448276
961,Gary Trent Jr.,2020,0.8125,0.25
962,Georges Niang,2020,0.2608695652173913,0.07246376811594203
963,Giannis Antetokounmpo,2020,0.9848484848484849,1.0151515151515151
964,Goran Dragic,2020,0.6774193548387096,0.1774193548387097
965,Gordon Hayward,2020,0.7037037037037037,0.42592592592592593
966,Grayson Allen,2020,0.275,0.075
967,Hamidou Diallo,2020,0.8775510204081632,0.20408163265306123
968,Harry Giles III,2020,0.5306122448979592,0.3673469387755102
969,Hassan Whiteside,2020,0.37681159420289856,2.898550724637681
970,Ian Mahinmi,2020,0.8157894736842105,1.1578947368421053
971,Isaac Bonga,2020,0.6956521739130435,0.34782608695652173
972,Isaiah Hartenstein,2020,0.391304347826087,0.5217391304347826
973,Isaiah Thomas,2020,0.325,0.15
974,Ish Smith,2020,0.8732394366197183,0.43661971830985913
975,J.J. Barea,2020,0.15625,0.0625
976,JJ Redick,2020,0.3333333333333333,0.15873015873015872
977,JR Smith,2020,0.3333333333333333,0.0
978,JaKarr Sampson,2020,0.5405405405405406,0.3783783783783784
979,JaVale McGee,2020,0.5070422535211268,1.3661971830985915
980,Jahlil Okafor,2020,0.21875,0.6875
981,Jake Layman,2020,0.7391304347826086,0.43478260869565216
982,Jakob Poeltl,2020,0.5652173913043478,1.434782608695652
983,Jalen Brunson,2020,0.38596491228070173,0.07017543859649122
984,Jamal Crawford,2020,0.0,0.0
985,Jamal Murray,2020,1.15,0.2833333333333333
986,James Harden,2020,1.8309859154929577,0.8732394366197183
987,Jared Dudley,2020,0.3125,0.08333333333333333
988,Jaren Jackson Jr.,2020,0.75,1.6166666666666667
989,Jarrett Allen,2020,0.6027397260273972,1.2876712328767124
990,Jaylen Brown,2020,1.11864406779661,0.3389830508474576
991,Jayson Tatum,2020,1.411764705882353,0.8382352941176471
992,Jerami Grant,2020,0.7027027027027027,0.7972972972972973
993,Jeremy Lamb,2020,1.1956521739130435,0.4782608695652174
994,Jerian Grant,2020,0.3333333333333333,0.1111111111111111
995,Jevon Carter,2020,0.8852459016393442,0.32786885245901637
996,Joakim Noah,2020,0.25,0.75
997,Joe Harris,2020,0.5774647887323944,0.2676056338028169
998,Joe Ingles,2020,0.9066666666666666,0.16
999,Joel Embiid,2020,0.8653846153846154,1.25
1000,John Collins,2020,0.7560975609756098,1.6097560975609757
1001,Johnathan Williams,2020,0.0625,0.5
1002,Jonathan Isaac,2020,1.5714285714285714,2.2285714285714286
1003,Josh Hart,2020,0.9402985074626866,0.34328358208955223
1004,Josh Jackson,2020,0.75,0.375
1005,Josh Okogie,2020,1.096774193548387,0.41935483870967744
1006,Josh Richardson,2020,0.9655172413793104,0.6551724137931034
1007,Jrue Holiday,2020,1.609375,0.765625
1008,Julius Randle,2020,0.796875,0.34375
1009,Justin Anderson,2020,0.25,0.5
1010,Justise Winslow,2020,0.6363636363636364,0.45454545454545453
1011,Jusuf Nurkic,2020,1.3636363636363635,1.8181818181818181
1012,Kadeem Allen,2020,0.5,0.2
1013,Karl-Anthony Towns,2020,0.9428571428571428,1.2
1014,Kawhi Leonard,2020,1.75,0.5666666666666667
1015,Kelly Olynyk,2020,0.6714285714285714,0.34285714285714286
1016,Kemba Walker,2020,0.8421052631578947,0.49122807017543857
1017,Kenrich Williams,2020,0.6666666666666666,0.5
1018,Kentavious Caldwell-Pope,2020,0.8472222222222222,0.20833333333333334
1019,Kevin Huerter,2020,0.9107142857142857,0.48214285714285715
1020,Kevin Knox II,2020,0.35384615384615387,0.4307692307692308
1021,Kevin Love,2020,0.5892857142857143,0.3392857142857143
1022,Kevon Looney,2020,0.6,0.3
1023,Khem Birch,2020,0.39215686274509803,0.47058823529411764
1024,Khris Middleton,2020,0.8461538461538461,0.12307692307692308
1025,Khyri Thomas,2020,0.375,0.0
1026,Kostas Antetokounmpo,2020,0.14285714285714285,0.14285714285714285
1027,Kris Dunn,2020,1.9803921568627452,0.3333333333333333
1028,Kyle Anderson,2020,0.8,0.5857142857142857
1029,Kyle Kuzma,2020,0.4603174603174603,0.4126984126984127
1030,Kyle Lowry,2020,1.3770491803278688,0.4426229508196721
1031,Kyle O'Quinn,2020,0.21875,0.875
1032,Kyrie Irving,2020,1.35,0.5
1033,LaMarcus Aldridge,2020,0.6792452830188679,1.6415094339622642
1034,Lance Thomas,2020,0.1,0.2
1035,Langston Galloway,2020,0.7272727272727273,0.16666666666666666
1036,Larry Nance Jr.,2020,1.0,0.39285714285714285
1037,Lauri Markkanen,2020,0.84,0.46
1038,LeBron James,2020,1.144927536231884,0.5217391304347826
1039,Lonnie Walker IV,2020,0.515625,0.234375
1040,Lonzo Ball,2020,1.378787878787879,0.6060606060606061
1041,Lou Williams,2020,0.6515151515151515,0.18181818181818182
1042,Luc Mbah a Moute,2020,0.6666666666666666,0.0
1043,Luka Doncic,2020,0.984375,0.234375
1044,Luke Kennard,2020,0.42857142857142855,0.21428571428571427
1045,Luke Kornet,2020,0.3055555555555556,0.7222222222222222
1046,Malcolm Brogdon,2020,0.631578947368421,0.17543859649122806
1047,Malcolm Miller,2020,0.16129032258064516,0.06451612903225806
1048,Malik Monk,2020,0.45454545454545453,0.2909090909090909
1049,Marco Belinelli,2020,0.21666666666666667,0.016666666666666666
1050,Marcus Smart,2020,1.6774193548387097,0.46774193548387094
1051,Mario Hezonja,2020,0.7321428571428571,0.17857142857142858
1052,Markelle Fultz,2020,1.2465753424657535,0.1506849315068493
1053,Marvin Bagley III,2020,0.46153846153846156,0.9230769230769231
1054,Mason Plumlee,2020,0.625,0.640625
1055,Maxi Kleber,2020,0.3246753246753247,1.103896103896104
1056,Meyers Leonard,2020,0.25925925925925924,0.3148148148148148
1057,Mikal Bridges,2020,1.394736842105263,0.6578947368421053
1058,Mike Conley,2020,0.78,0.12
1059,Miles Bridges,2020,0.6153846153846154,0.7538461538461538
1060,Mitchell Robinson,2020,0.8524590163934426,1.9508196721311475
1061,Mo Bamba,2020,0.36923076923076925,1.3384615384615384
1062,Monte Morris,2020,0.7534246575342466,0.2328767123287671
1063,Montrezl Harrell,2020,0.6190476190476191,1.1428571428571428
1064,Moritz Wagner,2020,0.6666666666666666,0.4375
1065,Myles Turner,2020,0.75,2.109375
1066,Naz Mitrou-Long,2020,0.125,0.125
1067,Nemanja Bjelica,2020,0.84,0.5466666666666666
1068,Nerlens Noel,2020,0.9516129032258065,1.5161290322580645
1069,Nicolas Batum,2020,0.7727272727272727,0.36363636363636365
1070,Nikola Jokic,2020,1.1842105263157894,0.6052631578947368
1071,Nikola Vucevic,2020,0.8615384615384616,0.7384615384615385
1072,Norman Powell,2020,1.1636363636363636,0.38181818181818183
1073,Omari Spellman,2020,0.673469387755102,0.4897959183673469
1074,P.J. Tucker,2020,1.08,0.49333333333333335
1075,PJ Dozier,2020,0.4827586206896552,0.20689655172413793
1076,Pascal Siakam,2020,1.0,0.8412698412698413
1077,Pat Connaughton,2020,0.373134328358209,0.4626865671641791
1078,Patrick Beverley,2020,1.0588235294117647,0.49019607843137253
1079,Patrick Patterson,2020,0.11290322580645161,0.06451612903225806
1080,Patty Mills,2020,0.803030303030303,0.09090909090909091
1081,Paul George,2020,1.3529411764705883,0.39215686274509803
1082,Paul Millsap,2020,0.8490566037735849,0.5849056603773585
1083,Quinn Cook,2020,0.2978723404255319,0.0425531914893617
1084,Rajon Rondo,2020,0.8333333333333334,0.041666666666666664
1085,Raul Neto,2020,0.43636363636363634,0.12727272727272726
1086,Richaun Holmes,2020,0.9111111111111111,1.2444444444444445
1087,Ricky Rubio,2020,1.4776119402985075,0.1791044776119403
1088,Robert Williams III,2020,0.78125,1.125
1089,Robin Lopez,2020,0.15942028985507245,0.6521739130434783
1090,Rodions Kurucs,2020,0.6,0.16
1091,Rodney McGruder,2020,0.4745762711864407,0.1694915254237288
1092,Rondae Hollis-Jefferson,2020,0.7777777777777778,0.36507936507936506
1093,Royce O'Neale,2020,0.8513513513513513,0.43243243243243246
1094,Rudy Gay,2020,0.5142857142857142,0.4857142857142857
1095,Rudy Gobert,2020,0.7464788732394366,1.943661971830986
1096,Russell Westbrook,2020,1.5666666666666667,0.3333333333333333
1097,Ryan Arcidiacono,2020,0.46551724137931033,0.05172413793103448
1098,Ryan Broekhoff,2020,0.29411764705882354,0.23529411764705882
1099,Semi Ojeleye,2020,0.2916666666666667,0.06944444444444445
1100,Serge Ibaka,2020,0.4827586206896552,0.8103448275862069
1101,Seth Curry,2020,0.5671641791044776,0.14925373134328357
1102,Shai Gilgeous-Alexander,2020,1.1232876712328768,0.6438356164383562
1103,Shake Milton,2020,0.4883720930232558,0.16279069767441862
1104,Shaquille Harrison,2020,0.7906976744186046,0.4418604651162791
1105,Spencer Dinwiddie,2020,0.625,0.328125
1106,Stephen Curry,2020,1.0,0.4
1107,Sterling Brown,2020,0.5818181818181818,0.12727272727272726
1108,Steven Adams,2020,0.7878787878787878,1.0303030303030303
1109,T.J. Warren,2020,1.1571428571428573,0.5
1110,Taj Gibson,2020,0.43548387096774194,0.4838709677419355
1111,Taurean Prince,2020,0.890625,0.390625
1112,Terrance Ferguson,2020,0.5,0.29310344827586204
1113,Terrence Ross,2020,1.1111111111111112,0.3333333333333333
1114,Terry Rozier,2020,0.9682539682539683,0.15873015873015872
1115,Thabo Sefolosha,2020,0.5853658536585366,0.2926829268292683
1116,Thaddeus Young,2020,1.4375,0.359375
1117,Theo Pinson,2020,0.5151515151515151,0.12121212121212122
1118,Thomas Bryant,2020,0.5510204081632653,1.0408163265306123
1119,Tomas Satoransky,2020,1.2307692307692308,0.1076923076923077
1120,Tony Bradley,2020,0.2459016393442623,0.5409836065573771
1121,Tony Snell,2020,0.5423728813559322,0.2542372881355932
1122,Torrey Craig,2020,0.4166666666666667,0.6166666666666667
1123,Trae Young,2020,1.0833333333333333,0.13333333333333333
1124,Trey Lyles,2020,0.4444444444444444,0.4444444444444444
1125,Tristan Thompson,2020,0.5789473684210527,0.8771929824561403
1126,Troy Brown Jr.,2020,1.2394366197183098,0.09859154929577464
1127,Tyrone Wallace,2020,0.5,0.07142857142857142
1128,Tyus Jones,2020,0.9264705882352942,0.08823529411764706
1129,Udonis Haslem,2020,0.0,0.0
1130,Victor Oladipo,2020,0.7727272727272727,0.22727272727272727
1131,Vince Carter,2020,0.38333333333333336,0.4166666666666667
1132,Wendell Carter Jr.,2020,0.7674418604651163,0.8372093023255814
1133,Wes Iwundu,2020,0.48148148148148145,0.25925925925925924
1134,Will Barton,2020,1.0338983050847457,0.4915254237288136
1135,Willy Hernangomez,2020,0.3225806451612903,0.22580645161290322
1136,Yogi Ferrell,2020,0.34615384615384615,0.07692307692307693
1137,Yuta Watanabe,2020,0.2222222222222222,0.05555555555555555
1138,Zach Collins,2020,0.42857142857142855,0.5
1139,Zach LaVine,2020,1.4666666666666666,0.4666666666666667
